[{"model": "auth.user", "pk": 1, "fields": {"password": "pbkdf2_sha256$120000$AyCCRG1pdI80$leyHnHhcq3hg9tgRea7f36/asL+7u+WSCDW86lrwhdQ=", "last_login": "2019-01-09T19:10:00.263Z", "is_superuser": true, "username": "admin", "first_name": "Super", "last_name": "User", "email": "mbdevaney@gmail.com", "is_staff": true, "is_active": true, "date_joined": "2019-01-02T02:14:01Z", "groups": [], "user_permissions": []}}, {"model": "auth.user", "pk": 2, "fields": {"password": "pbkdf2_sha256$120000$7NPI0iSWzf8T$zJ97FTUvJ4XrmzLDYooNhOS2hJe2Boj9aqmLBWyc2YE=", "last_login": "2019-01-09T19:58:36.733Z", "is_superuser": false, "username": "mdevaney", "first_name": "Matthew", "last_name": "Devaney", "email": "knowtify.us@gmail.com", "is_staff": false, "is_active": true, "date_joined": "2019-01-02T02:37:55Z", "groups": [], "user_permissions": []}}, {"model": "auth.user", "pk": 4, "fields": {"password": "pbkdf2_sha256$120000$63wVtqHFw5x5$zS34VMdXc3PPPCgi8UI/qm6bPP22N+ZKDSx/XiMT7G8=", "last_login": "2019-01-09T19:56:22.827Z", "is_superuser": false, "username": "jtest", "first_name": "Johnny", "last_name": "", "email": "jtest@gmail.com", "is_staff": false, "is_active": true, "date_joined": "2019-01-09T18:43:35.837Z", "groups": [], "user_permissions": []}}, {"model": "sessions.session", "pk": "7hlzq3myuscpzjh5fzryzidsr69ho088", "fields": {"session_data": "YmQzY2Y3NTdiZTRmYjBlOTkxNTNlNmM0ZTAxOWM0ZGNjYWQ5NjhmNzp7Il9hdXRoX3VzZXJfaWQiOiIxIiwiX2F1dGhfdXNlcl9iYWNrZW5kIjoiZGphbmdvLmNvbnRyaWIuYXV0aC5iYWNrZW5kcy5Nb2RlbEJhY2tlbmQiLCJfYXV0aF91c2VyX2hhc2giOiJmMmQ2NTI4ODYyNTcyZGEwNDFiOGE4YTljOWQ1ZDM2OTM1YWZiYmJhIn0=", "expire_date": "2019-01-22T12:14:27.260Z"}}, {"model": "sessions.session", "pk": "bzs0q8nrtkksdxxj4kp294a3gsar5zdt", "fields": {"session_data": "N2Y0Njk5NmQ2ZGI2ZjYwMjM0YWQwMWE4ODE4OGNhY2M3NTRhYzIwNTp7Il9hdXRoX3VzZXJfaWQiOiIyIiwiX2F1dGhfdXNlcl9iYWNrZW5kIjoiZGphbmdvLmNvbnRyaWIuYXV0aC5iYWNrZW5kcy5Nb2RlbEJhY2tlbmQiLCJfYXV0aF91c2VyX2hhc2giOiI5MTYyMmJmODNjOGI2ZTcwNjNlNjZjNmQ1MGFiNDgzNDFlMjcwZGQxIn0=", "expire_date": "2019-01-20T20:37:34.529Z"}}, {"model": "sessions.session", "pk": "chyyrmpgeauvdtsuodspexm9nicpb5o5", "fields": {"session_data": "YmQzY2Y3NTdiZTRmYjBlOTkxNTNlNmM0ZTAxOWM0ZGNjYWQ5NjhmNzp7Il9hdXRoX3VzZXJfaWQiOiIxIiwiX2F1dGhfdXNlcl9iYWNrZW5kIjoiZGphbmdvLmNvbnRyaWIuYXV0aC5iYWNrZW5kcy5Nb2RlbEJhY2tlbmQiLCJfYXV0aF91c2VyX2hhc2giOiJmMmQ2NTI4ODYyNTcyZGEwNDFiOGE4YTljOWQ1ZDM2OTM1YWZiYmJhIn0=", "expire_date": "2019-01-23T19:10:00.276Z"}}, {"model": "sessions.session", "pk": "g17kjof1fs3rqzencjkmxy0phbblohlw", "fields": {"session_data": "N2Y0Njk5NmQ2ZGI2ZjYwMjM0YWQwMWE4ODE4OGNhY2M3NTRhYzIwNTp7Il9hdXRoX3VzZXJfaWQiOiIyIiwiX2F1dGhfdXNlcl9iYWNrZW5kIjoiZGphbmdvLmNvbnRyaWIuYXV0aC5iYWNrZW5kcy5Nb2RlbEJhY2tlbmQiLCJfYXV0aF91c2VyX2hhc2giOiI5MTYyMmJmODNjOGI2ZTcwNjNlNjZjNmQ1MGFiNDgzNDFlMjcwZGQxIn0=", "expire_date": "2019-01-16T02:38:51.904Z"}}, {"model": "sessions.session", "pk": "irk26r6ksiip99ll6e35nopve3hx4fso", "fields": {"session_data": "N2Y0Njk5NmQ2ZGI2ZjYwMjM0YWQwMWE4ODE4OGNhY2M3NTRhYzIwNTp7Il9hdXRoX3VzZXJfaWQiOiIyIiwiX2F1dGhfdXNlcl9iYWNrZW5kIjoiZGphbmdvLmNvbnRyaWIuYXV0aC5iYWNrZW5kcy5Nb2RlbEJhY2tlbmQiLCJfYXV0aF91c2VyX2hhc2giOiI5MTYyMmJmODNjOGI2ZTcwNjNlNjZjNmQ1MGFiNDgzNDFlMjcwZGQxIn0=", "expire_date": "2019-01-23T19:08:24.916Z"}}, {"model": "sessions.session", "pk": "mvuh8ymu58hcfuhaox51crn7t486f3n6", "fields": {"session_data": "YzUyYTEwMzFmNmQzMTE3YTFlZWEyNTI1NTc5YTlkOTk5MDdjMmY3ODp7Imdvb2dsZS1vYXV0aDJfc3RhdGUiOiJXRzM3MUF3bkdVVFdrd1l6MlZVc211aVVjNUs0ZXVoSyIsIl9hdXRoX3VzZXJfaWQiOiI0IiwiX2F1dGhfdXNlcl9iYWNrZW5kIjoic29jaWFsX2NvcmUuYmFja2VuZHMuZ29vZ2xlLkdvb2dsZU9BdXRoMiIsIl9hdXRoX3VzZXJfaGFzaCI6IjFkOTI3NjQyMTI5ZGU4ZDE0MTU0ODIzYmNmOGQ0MGRlZGE1ZjMyMTMiLCJzb2NpYWxfYXV0aF9sYXN0X2xvZ2luX2JhY2tlbmQiOiJnb29nbGUtb2F1dGgyIn0=", "expire_date": "2019-01-19T20:33:09.485Z"}}, {"model": "sessions.session", "pk": "n6bjgxnnsiwoephw3onsfsuoqztgxbaf", "fields": {"session_data": "YmQzY2Y3NTdiZTRmYjBlOTkxNTNlNmM0ZTAxOWM0ZGNjYWQ5NjhmNzp7Il9hdXRoX3VzZXJfaWQiOiIxIiwiX2F1dGhfdXNlcl9iYWNrZW5kIjoiZGphbmdvLmNvbnRyaWIuYXV0aC5iYWNrZW5kcy5Nb2RlbEJhY2tlbmQiLCJfYXV0aF91c2VyX2hhc2giOiJmMmQ2NTI4ODYyNTcyZGEwNDFiOGE4YTljOWQ1ZDM2OTM1YWZiYmJhIn0=", "expire_date": "2019-01-20T15:35:47.676Z"}}, {"model": "sessions.session", "pk": "sm13xymc24wknvk19400zk54lsa4g5mu", "fields": {"session_data": "N2Y0Njk5NmQ2ZGI2ZjYwMjM0YWQwMWE4ODE4OGNhY2M3NTRhYzIwNTp7Il9hdXRoX3VzZXJfaWQiOiIyIiwiX2F1dGhfdXNlcl9iYWNrZW5kIjoiZGphbmdvLmNvbnRyaWIuYXV0aC5iYWNrZW5kcy5Nb2RlbEJhY2tlbmQiLCJfYXV0aF91c2VyX2hhc2giOiI5MTYyMmJmODNjOGI2ZTcwNjNlNjZjNmQ1MGFiNDgzNDFlMjcwZGQxIn0=", "expire_date": "2019-01-20T15:30:35.031Z"}}, {"model": "account.profile", "pk": 1, "fields": {"user": 2, "date_of_birth": null, "photo": "users/2019/01/06/8.png"}}, {"model": "account.profile", "pk": 2, "fields": {"user": 1, "date_of_birth": null, "photo": "users/2019/01/06/1.png"}}, {"model": "account.profile", "pk": 4, "fields": {"user": 4, "date_of_birth": null, "photo": ""}}, {"model": "account.contact", "pk": 4, "fields": {"user_from": 2, "user_to": 2, "created": "2019-01-09T16:01:27.497Z"}}, {"model": "actions.action", "pk": 1, "fields": {"user": 4, "verb": "has created an account", "target_ct": null, "target_id": null, "created": "2019-01-09T18:43:36.029Z"}}, {"model": "actions.action", "pk": 2, "fields": {"user": 4, "verb": "bookmarked image", "target_ct": 8, "target_id": 7, "created": "2019-01-09T19:57:42.610Z"}}, {"model": "actions.action", "pk": 3, "fields": {"user": 4, "verb": "bookmarked image", "target_ct": 8, "target_id": 8, "created": "2019-01-09T19:58:25.459Z"}}, {"model": "actions.action", "pk": 4, "fields": {"user": 4, "verb": "bookmarked image", "target_ct": 8, "target_id": 9, "created": "2019-01-09T19:58:26.126Z"}}, {"model": "images.image", "pk": 1, "fields": {"user": 2, "title": "Django and Duke", "slug": "django-and-duke", "url": "http://upload.wikimedia.org/wikipedia/commons/8/85/Django_Reinhardt_and_Duke_Ellington_(Gottlieb).jpg", "image": "images/2019/01/05/django-and-duke_C0y0UY6.jpg", "description": "Guitarist Django Reinhardt is pictured here alongside Duke Ellington who is playing the piano", "created": "2019-01-05", "users_like": []}}, {"model": "images.image", "pk": 2, "fields": {"user": 2, "title": "Manitoba Mutt", "slug": "manitoba-mutt", "url": "https://manitobamutts.org/wp-content/uploads/2018/09/41811603_1840497496027578_8723566056964096000_n.jpg", "image": "images/2019/01/06/manitoba-mutt.jpg", "description": "I think this is a Greyhound mixed with a border collie.", "created": "2019-01-06", "users_like": [1]}}, {"model": "images.image", "pk": 3, "fields": {"user": 1, "title": "Sleeping Baby", "slug": "sleeping-baby", "url": "http://cdn.cnn.com/cnnnext/dam/assets/150422105458-sleeping-baby-stock-large-169.jpg", "image": "images/2019/01/06/sleeping-baby.jpg", "description": "Breaking News. It's a sleeping baby.", "created": "2019-01-06", "users_like": []}}, {"model": "images.image", "pk": 4, "fields": {"user": 1, "title": "Old Gamer", "slug": "old-gamer", "url": "http://cdn.cnn.com/cnnnext/dam/assets/181218165239-live-longer-esports-silver-snipers-video-game-sweden-vision-00002820-exlarge-tease.jpg", "image": "images/2019/01/06/old-gamer.jpg", "description": "Old gamer is old", "created": "2019-01-06", "users_like": []}}, {"model": "images.image", "pk": 5, "fields": {"user": 1, "title": "Old Gamer", "slug": "old-gamer", "url": "http://cdn.cnn.com/cnnnext/dam/assets/181218165239-live-longer-esports-silver-snipers-video-game-sweden-vision-00002820-exlarge-tease.jpg", "image": "images/2019/01/06/old-gamer_RincK2F.jpg", "description": "Old gamer is old", "created": "2019-01-06", "users_like": []}}, {"model": "images.image", "pk": 6, "fields": {"user": 2, "title": "Fast Fresh Food", "slug": "fast-fresh-food", "url": "http://cdn.cnn.com/cnnnext/dam/assets/181126145115-sweetgreen-salad-prep-exlarge-tease.jpg", "image": "images/2019/01/06/fast-fresh-food.jpg", "description": "It's lunch time people", "created": "2019-01-06", "users_like": [2]}}, {"model": "images.image", "pk": 7, "fields": {"user": 4, "title": "Lady Gaga", "slug": "lady-gaga", "url": "http://cdn.cnn.com/cnnnext/dam/assets/190109084949-lady-gaga-exlarge-tease.jpg", "image": "images/2019/01/09/lady-gaga.jpg", "description": "Now starring in A Star Is Born!", "created": "2019-01-09", "users_like": []}}, {"model": "images.image", "pk": 8, "fields": {"user": 4, "title": "Courting Disaster", "slug": "courting-disaster", "url": "http://cdn.cnn.com/cnnnext/dam/assets/181231143502-01-nuremberg-trials-file-1231-restricted-exlarge-tease.jpg", "image": "images/2019/01/09/courting-disaster.jpg", "description": "Its a court pic", "created": "2019-01-09", "users_like": []}}, {"model": "images.image", "pk": 9, "fields": {"user": 4, "title": "Courting Disaster", "slug": "courting-disaster", "url": "http://cdn.cnn.com/cnnnext/dam/assets/181231143502-01-nuremberg-trials-file-1231-restricted-exlarge-tease.jpg", "image": "images/2019/01/09/courting-disaster_89u23xB.jpg", "description": "Its a court pic", "created": "2019-01-09", "users_like": []}}, {"model": "admin.logentry", "pk": 1, "fields": {"action_time": "2019-01-02T02:37:55.087Z", "user": 1, "content_type": 4, "object_id": "2", "object_repr": "mdevaney", "action_flag": 1, "change_message": "[{\"added\": {}}]"}}, {"model": "admin.logentry", "pk": 2, "fields": {"action_time": "2019-01-04T19:06:26.230Z", "user": 1, "content_type": 6, "object_id": "1", "object_repr": "Profile for user mdevaney", "action_flag": 1, "change_message": "[{\"added\": {}}]"}}, {"model": "admin.logentry", "pk": 3, "fields": {"action_time": "2019-01-04T19:08:08.524Z", "user": 1, "content_type": 6, "object_id": "2", "object_repr": "Profile for user admin", "action_flag": 1, "change_message": "[{\"added\": {}}]"}}, {"model": "admin.logentry", "pk": 4, "fields": {"action_time": "2019-01-05T19:48:37.525Z", "user": 1, "content_type": 4, "object_id": "2", "object_repr": "mdevaney", "action_flag": 2, "change_message": "[{\"changed\": {\"fields\": [\"email\"]}}]"}}, {"model": "admin.logentry", "pk": 5, "fields": {"action_time": "2019-01-06T14:46:41.821Z", "user": 1, "content_type": 4, "object_id": "4", "object_repr": "mbdevaney", "action_flag": 2, "change_message": "[{\"changed\": {\"fields\": [\"email\"]}}]"}}, {"model": "admin.logentry", "pk": 6, "fields": {"action_time": "2019-01-06T14:46:53.461Z", "user": 1, "content_type": 4, "object_id": "4", "object_repr": "mbdevaney", "action_flag": 3, "change_message": ""}}, {"model": "admin.logentry", "pk": 7, "fields": {"action_time": "2019-01-06T14:47:51.481Z", "user": 1, "content_type": 4, "object_id": "2", "object_repr": "mdevaney", "action_flag": 2, "change_message": "[{\"changed\": {\"fields\": [\"email\"]}}]"}}, {"model": "admin.logentry", "pk": 8, "fields": {"action_time": "2019-01-07T01:33:01.376Z", "user": 1, "content_type": 7, "object_id": "1", "object_repr": "Profile for user mdevaney", "action_flag": 2, "change_message": "[{\"changed\": {\"fields\": [\"photo\"]}}]"}}, {"model": "admin.logentry", "pk": 9, "fields": {"action_time": "2019-01-07T01:38:58.001Z", "user": 1, "content_type": 7, "object_id": "2", "object_repr": "Profile for user admin", "action_flag": 2, "change_message": "[{\"changed\": {\"fields\": [\"photo\"]}}]"}}, {"model": "admin.logentry", "pk": 10, "fields": {"action_time": "2019-01-08T12:14:42.502Z", "user": 1, "content_type": 4, "object_id": "1", "object_repr": "admin", "action_flag": 2, "change_message": "[{\"changed\": {\"fields\": [\"first_name\", \"last_name\"]}}]"}}, {"model": "admin.logentry", "pk": 11, "fields": {"action_time": "2019-01-08T12:14:48.713Z", "user": 1, "content_type": 4, "object_id": "2", "object_repr": "mdevaney", "action_flag": 2, "change_message": "[{\"changed\": {\"fields\": [\"first_name\", \"last_name\"]}}]"}}, {"model": "admin.logentry", "pk": 12, "fields": {"action_time": "2019-01-09T18:42:48.851Z", "user": 1, "content_type": 3, "object_id": "3", "object_repr": "Test", "action_flag": 3, "change_message": ""}}, {"model": "thumbnail.kvstore", "pk": "sorl-thumbnail||image||0c6b840752d941375a4e9b2e8bd846dc", "fields": {"value": "{\"name\": \"users/2019/01/09/bizcat.PNG\", \"storage\": \"django.core.files.storage.FileSystemStorage\", \"size\": [384, 384]}"}}, {"model": "thumbnail.kvstore", "pk": "sorl-thumbnail||image||10d6c12573d268a2a25d5fe9597e271a", "fields": {"value": "{\"name\": \"cache/79/cb/79cb91b91fa428f521bab0e96b450be9.jpg\", \"storage\": \"django.core.files.storage.FileSystemStorage\", \"size\": [300, 300]}"}}, {"model": "thumbnail.kvstore", "pk": "sorl-thumbnail||image||1d8ae188d53da7688beb7f97d8528f9e", "fields": {"value": "{\"name\": \"images/2019/01/09/courting-disaster_89u23xB.jpg\", \"storage\": \"django.core.files.storage.FileSystemStorage\", \"size\": [780, 438]}"}}, {"model": "thumbnail.kvstore", "pk": "sorl-thumbnail||image||1fe6477e383c42daccea498306eb8d19", "fields": {"value": "{\"name\": \"cache/a9/62/a962bb66706ae7b2ed9ba1274f6dacbd.jpg\", \"storage\": \"django.core.files.storage.FileSystemStorage\", \"size\": [180, 180]}"}}, {"model": "thumbnail.kvstore", "pk": "sorl-thumbnail||image||28130ef62cdfd06b4336978e0c366668", "fields": {"value": "{\"name\": \"cache/3b/c7/3bc7c31836a1f679e0ee82bc8865171c.jpg\", \"storage\": \"django.core.files.storage.FileSystemStorage\", \"size\": [299, 168]}"}}, {"model": "thumbnail.kvstore", "pk": "sorl-thumbnail||image||33762785389089092051e51fd24b3d06", "fields": {"value": "{\"name\": \"cache/ff/70/ff70dd21dffcdddbaa7c80b344800d65.jpg\", \"storage\": \"django.core.files.storage.FileSystemStorage\", \"size\": [299, 168]}"}}, {"model": "thumbnail.kvstore", "pk": "sorl-thumbnail||image||3aef092406b3ae55e71b51f1a5b980ac", "fields": {"value": "{\"name\": \"cache/ff/56/ff560790b3dc4d36be86bacc43c23148.jpg\", \"storage\": \"django.core.files.storage.FileSystemStorage\", \"size\": [300, 300]}"}}, {"model": "thumbnail.kvstore", "pk": "sorl-thumbnail||image||3d090fb3963507300efea6cc365ebfc9", "fields": {"value": "{\"name\": \"cache/0b/76/0b76cd8b645ac9165a107cd9c718f594.jpg\", \"storage\": \"django.core.files.storage.FileSystemStorage\", \"size\": [180, 180]}"}}, {"model": "thumbnail.kvstore", "pk": "sorl-thumbnail||image||415426321611035f698071938a87c84f", "fields": {"value": "{\"name\": \"cache/68/a2/68a2f3b9690df404e99ba5e8721944af.jpg\", \"storage\": \"django.core.files.storage.FileSystemStorage\", \"size\": [300, 384]}"}}, {"model": "thumbnail.kvstore", "pk": "sorl-thumbnail||image||439aff648773c40fabfacca38d0418c6", "fields": {"value": "{\"name\": \"cache/2f/5a/2f5a4f5b95a90c5221f9073ed104e253.jpg\", \"storage\": \"django.core.files.storage.FileSystemStorage\", \"size\": [80, 80]}"}}, {"model": "thumbnail.kvstore", "pk": "sorl-thumbnail||image||50752ad404ac069f38bccb4063856920", "fields": {"value": "{\"name\": \"images/2019/01/06/manitoba-mutt.jpg\", \"storage\": \"django.core.files.storage.FileSystemStorage\", \"size\": [750, 960]}"}}, {"model": "thumbnail.kvstore", "pk": "sorl-thumbnail||image||635bd063a199b2b2af969ac69ca50ed9", "fields": {"value": "{\"name\": \"images/2019/01/06/old-gamer_RincK2F.jpg\", \"storage\": \"django.core.files.storage.FileSystemStorage\", \"size\": [780, 438]}"}}, {"model": "thumbnail.kvstore", "pk": "sorl-thumbnail||image||64742db11c6d8c3013c27385ed9ba8bf", "fields": {"value": "{\"name\": \"cache/51/a1/51a1ace07dfb7c10a843d4077de93f1b.jpg\", \"storage\": \"django.core.files.storage.FileSystemStorage\", \"size\": [299, 168]}"}}, {"model": "thumbnail.kvstore", "pk": "sorl-thumbnail||image||6c23b7f6569788c8ff5fe43ef567d1ee", "fields": {"value": "{\"name\": \"cache/aa/2f/aa2f02164c81ba8efe2b6f47c4ed3c4b.jpg\", \"storage\": \"django.core.files.storage.FileSystemStorage\", \"size\": [300, 300]}"}}, {"model": "thumbnail.kvstore", "pk": "sorl-thumbnail||image||83d12ebf93ebf56b22db524ffa4b418c", "fields": {"value": "{\"name\": \"cache/c7/00/c700da4b73619c9f90d51225dd89c916.jpg\", \"storage\": \"django.core.files.storage.FileSystemStorage\", \"size\": [299, 168]}"}}, {"model": "thumbnail.kvstore", "pk": "sorl-thumbnail||image||87b90747f2f93f48cc5348fff7d18332", "fields": {"value": "{\"name\": \"cache/64/85/648525ea46d68d2cc7d2a5821d49707f.jpg\", \"storage\": \"django.core.files.storage.FileSystemStorage\", \"size\": [300, 300]}"}}, {"model": "thumbnail.kvstore", "pk": "sorl-thumbnail||image||8dd2b187908e9fc060c786ecd5903993", "fields": {"value": "{\"name\": \"images/2019/01/06/old-gamer.jpg\", \"storage\": \"django.core.files.storage.FileSystemStorage\", \"size\": [780, 438]}"}}, {"model": "thumbnail.kvstore", "pk": "sorl-thumbnail||image||9743dbfadaaede517ce0165df0f8ef88", "fields": {"value": "{\"name\": \"users/2019/01/06/8.png\", \"storage\": \"django.core.files.storage.FileSystemStorage\", \"size\": [215, 215]}"}}, {"model": "thumbnail.kvstore", "pk": "sorl-thumbnail||image||a0c5af56afadd8e5533920d328baf203", "fields": {"value": "{\"name\": \"cache/12/89/1289e65d6ddfcb9d933fbd2dca5798b9.jpg\", \"storage\": \"django.core.files.storage.FileSystemStorage\", \"size\": [299, 168]}"}}, {"model": "thumbnail.kvstore", "pk": "sorl-thumbnail||image||aa01137287522c69bae6eca8894e2f6b", "fields": {"value": "{\"name\": \"cache/d7/4e/d74e92ed57c65ad8accb658378c7dc4e.jpg\", \"storage\": \"django.core.files.storage.FileSystemStorage\", \"size\": [300, 300]}"}}, {"model": "thumbnail.kvstore", "pk": "sorl-thumbnail||image||b2620d27f57c338ddf638ab5d11b92c8", "fields": {"value": "{\"name\": \"cache/9e/fa/9efa5775ab3dffd2c4efeb1e0713bfdf.jpg\", \"storage\": \"django.core.files.storage.FileSystemStorage\", \"size\": [299, 168]}"}}, {"model": "thumbnail.kvstore", "pk": "sorl-thumbnail||image||bd9b71d0e28430441b9edc6f7b9462e0", "fields": {"value": "{\"name\": \"cache/d1/8d/d18dabd4e127b2a59d40b4931bf949d8.jpg\", \"storage\": \"django.core.files.storage.FileSystemStorage\", \"size\": [80, 80]}"}}, {"model": "thumbnail.kvstore", "pk": "sorl-thumbnail||image||ccc17f2009d74bdcfe91fc9924d84a32", "fields": {"value": "{\"name\": \"cache/08/06/08060c68dad30098c7629c7b879643e3.jpg\", \"storage\": \"django.core.files.storage.FileSystemStorage\", \"size\": [300, 300]}"}}, {"model": "thumbnail.kvstore", "pk": "sorl-thumbnail||image||cd42102ad1817640857bdeb829d539bd", "fields": {"value": "{\"name\": \"images/2019/01/09/courting-disaster.jpg\", \"storage\": \"django.core.files.storage.FileSystemStorage\", \"size\": [780, 438]}"}}, {"model": "thumbnail.kvstore", "pk": "sorl-thumbnail||image||d87475bd922ff598922f2374465c6850", "fields": {"value": "{\"name\": \"images/2019/01/05/django-and-duke_C0y0UY6.jpg\", \"storage\": \"django.core.files.storage.FileSystemStorage\", \"size\": [658, 807]}"}}, {"model": "thumbnail.kvstore", "pk": "sorl-thumbnail||image||db8b729ca1ecb705ecbd82ef3267697c", "fields": {"value": "{\"name\": \"users/2019/01/06/1.png\", \"storage\": \"django.core.files.storage.FileSystemStorage\", \"size\": [215, 215]}"}}, {"model": "thumbnail.kvstore", "pk": "sorl-thumbnail||image||def33ced2fe99cde3c57e3e4dbe5b68d", "fields": {"value": "{\"name\": \"images/2019/01/06/sleeping-baby.jpg\", \"storage\": \"django.core.files.storage.FileSystemStorage\", \"size\": [460, 259]}"}}, {"model": "thumbnail.kvstore", "pk": "sorl-thumbnail||image||e2e2c2bbb3d63c5de7e6aa80e7bd58cb", "fields": {"value": "{\"name\": \"images/2019/01/06/fast-fresh-food.jpg\", \"storage\": \"django.core.files.storage.FileSystemStorage\", \"size\": [780, 438]}"}}, {"model": "thumbnail.kvstore", "pk": "sorl-thumbnail||image||eac3878ac371621f03e711319d386e77", "fields": {"value": "{\"name\": \"cache/83/31/83317d543f259b9941746d950e2e095f.jpg\", \"storage\": \"django.core.files.storage.FileSystemStorage\", \"size\": [80, 80]}"}}, {"model": "thumbnail.kvstore", "pk": "sorl-thumbnail||image||ef4bd69b388b49f093490869ff9ff6cc", "fields": {"value": "{\"name\": \"images/2019/01/09/lady-gaga.jpg\", \"storage\": \"django.core.files.storage.FileSystemStorage\", \"size\": [780, 438]}"}}, {"model": "thumbnail.kvstore", "pk": "sorl-thumbnail||image||f417128320f7e93763dc6c38e8478975", "fields": {"value": "{\"name\": \"cache/50/9d/509d67f7889f54cb0aa3ad37338d1a4e.jpg\", \"storage\": \"django.core.files.storage.FileSystemStorage\", \"size\": [180, 180]}"}}, {"model": "thumbnail.kvstore", "pk": "sorl-thumbnail||image||fab733c18c2f06196c273b8f25df35cb", "fields": {"value": "{\"name\": \"cache/bf/f9/bff9ed7b6d04d16e05d39d6be708b4e3.jpg\", \"storage\": \"django.core.files.storage.FileSystemStorage\", \"size\": [300, 368]}"}}, {"model": "thumbnail.kvstore", "pk": "sorl-thumbnail||thumbnails||0c6b840752d941375a4e9b2e8bd846dc", "fields": {"value": "[\"f417128320f7e93763dc6c38e8478975\"]"}}, {"model": "thumbnail.kvstore", "pk": "sorl-thumbnail||thumbnails||1d8ae188d53da7688beb7f97d8528f9e", "fields": {"value": "[\"439aff648773c40fabfacca38d0418c6\", \"83d12ebf93ebf56b22db524ffa4b418c\"]"}}, {"model": "thumbnail.kvstore", "pk": "sorl-thumbnail||thumbnails||50752ad404ac069f38bccb4063856920", "fields": {"value": "[\"415426321611035f698071938a87c84f\", \"10d6c12573d268a2a25d5fe9597e271a\"]"}}, {"model": "thumbnail.kvstore", "pk": "sorl-thumbnail||thumbnails||635bd063a199b2b2af969ac69ca50ed9", "fields": {"value": "[\"33762785389089092051e51fd24b3d06\", \"87b90747f2f93f48cc5348fff7d18332\"]"}}, {"model": "thumbnail.kvstore", "pk": "sorl-thumbnail||thumbnails||8dd2b187908e9fc060c786ecd5903993", "fields": {"value": "[\"64742db11c6d8c3013c27385ed9ba8bf\", \"3aef092406b3ae55e71b51f1a5b980ac\"]"}}, {"model": "thumbnail.kvstore", "pk": "sorl-thumbnail||thumbnails||9743dbfadaaede517ce0165df0f8ef88", "fields": {"value": "[\"1fe6477e383c42daccea498306eb8d19\"]"}}, {"model": "thumbnail.kvstore", "pk": "sorl-thumbnail||thumbnails||cd42102ad1817640857bdeb829d539bd", "fields": {"value": "[\"eac3878ac371621f03e711319d386e77\", \"b2620d27f57c338ddf638ab5d11b92c8\"]"}}, {"model": "thumbnail.kvstore", "pk": "sorl-thumbnail||thumbnails||d87475bd922ff598922f2374465c6850", "fields": {"value": "[\"aa01137287522c69bae6eca8894e2f6b\", \"fab733c18c2f06196c273b8f25df35cb\"]"}}, {"model": "thumbnail.kvstore", "pk": "sorl-thumbnail||thumbnails||db8b729ca1ecb705ecbd82ef3267697c", "fields": {"value": "[\"3d090fb3963507300efea6cc365ebfc9\"]"}}, {"model": "thumbnail.kvstore", "pk": "sorl-thumbnail||thumbnails||def33ced2fe99cde3c57e3e4dbe5b68d", "fields": {"value": "[\"6c23b7f6569788c8ff5fe43ef567d1ee\"]"}}, {"model": "thumbnail.kvstore", "pk": "sorl-thumbnail||thumbnails||e2e2c2bbb3d63c5de7e6aa80e7bd58cb", "fields": {"value": "[\"ccc17f2009d74bdcfe91fc9924d84a32\", \"a0c5af56afadd8e5533920d328baf203\"]"}}, {"model": "thumbnail.kvstore", "pk": "sorl-thumbnail||thumbnails||ef4bd69b388b49f093490869ff9ff6cc", "fields": {"value": "[\"28130ef62cdfd06b4336978e0c366668\", \"bd9b71d0e28430441b9edc6f7b9462e0\"]"}}]